[
  {
    "id": "livro-01",
    "titulo": "O Segredo das Sombras",
    "imagen": "img/livro1.jpg",
    "categoria": {
      "nombre": "Abrigos",
      "id": "abrigos"
    },
    "precio": 15
  },
  {
    "id": "livro-02",
    "titulo": "Sussuros na floresta",
    "imagen": "./img/livro2.jpg",
    "categoria": {
      "nombre": "Abrigos",
      "id": "abrigos"
    },
    "precio": 19
  },
  {
    "id": "abrigo-03",
    "titulo": "A Névoa da floresta",
    "imagen": "./img/livro3.jpg",
    "categoria": {
      "nombre": "Abrigos",
      "id": "abrigos"
    },
    "precio": 14
  },
  {
    "id": "abrigo-04",
    "titulo": "Lab Girl",
    "imagen": "./img/livro4.jpg",
    "categoria": {
      "nombre": "Abrigos",
      "id": "abrigos"
    },
    "precio": 17
  },
  {
    "id": "abrigo-05",
    "titulo": "Fique ao meu lado",
    "imagen": "./img/livro5.jpg",
    "categoria": {
      "nombre": "Abrigos",
      "id": "abrigos"
    },
    "precio": 20
  },
  {
    "id": "camiseta-01",
    "titulo": "Obsessão",
    "imagen": "./img/livro6.jpg",
    "categoria": {
      "nombre": "Camisetas",
      "id": "camisetas"
    },
    "precio": 18
  },
  {
    "id": "camiseta-02",
    "titulo": "All this time",
    "imagen": "./img/livro7.jpg",
    "categoria": {
      "nombre": "Camisetas",
      "id": "camisetas"
    },
    "precio": 10
  },
  {
    "id": "camiseta-03",
    "titulo": "Caçadora de estrela",
    "imagen": "./img/livro8.jpg",
    "categoria": {
      "nombre": "Camisetas",
      "id": "camisetas"
    },
    "precio": 12
  },
  {
    "id": "camiseta-04",
    "titulo": "No fundo dos sonhos",
    "imagen": "./img/livro9.jpg",
    "categoria": {
      "nombre": "Camisetas",
      "id": "camisetas"
    },
    "precio": 1000
  },
  {
    "id": "camiseta-05",
    "titulo": "Camiseta 05",
    "imagen": "./img/livro10.jpg",
    "categoria": {
      "nombre": "Camisetas",
      "id": "camisetas"
    },
    "precio": 20
  },
  {
    "id": "camiseta-06",
    "titulo": "Juntos e sozinhos",
    "imagen": "./img/livro11.jpg",
    "categoria": {
      "nombre": "Camisetas",
      "id": "camisetas"
    },
    "precio": 23
  },
  {
    "id": "camiseta-07",
    "titulo": "Lembrar seu nome",
    "imagen": "./img/livro12.jpg",
    "categoria": {
      "nombre": "Camisetas",
      "id": "camisetas"
    },
    "precio": 25
  },
  {
    "id": "camiseta-08",
    "titulo": "Fora de Circuito",
    "imagen": "./img/livro13.jpg",
    "categoria": {
      "nombre": "Camisetas",
      "id": "camisetas"
    },
    "precio": 14
  },
  {
    "id": "pantalon-01",
    "titulo": "Ensaio sobre a cefaeira",
    "imagen": "./img/livro14.jpg",
    "categoria": {
      "nombre": "Pantalones",
      "id": "pantalones"
    },
    "precio": 28
  },
  {
    "id": "pantalon-02",
    "titulo": "Pantalón 02",
    "imagen": "./img/pantalones/02.jpg",
    "categoria": {
      "nombre": "Pantalones",
      "id": "pantalones"
    },
    "precio": 1000
  },
  {
    "id": "pantalon-03",
    "titulo": "Pantalón 03",
    "imagen": "./img/pantalones/03.jpg",
    "categoria": {
      "nombre": "Pantalones",
      "id": "pantalones"
    },
    "precio": 1000
  },
  {
    "id": "pantalon-04",
    "titulo": "Pantalón 04",
    "imagen": "./img/pantalones/04.jpg",
    "categoria": {
      "nombre": "Pantalones",
      "id": "pantalones"
    },
    "precio": 1000
  },
  {
    "id": "pantalon-05",
    "titulo": "Pantalón 05",
    "imagen": "./img/pantalones/05.jpg",
    "categoria": {
      "nombre": "Pantalones",
      "id": "pantalones"
    },
    "precio": 1000
  }
]